id,dataset,question,options,subject_name,topic_name,correct_answer,correct_index,expected_behavior,student_answer,student_index,missing_evidence,source_split
ae5902b1-9342-4b03-b90f-156fdcc3915c,nota,"In relation to the agony, point out the INCORRECT response:","{'0': 'The ideal drug for sedation is midazolam.', '1': 'Morphine is contraindicated in the treatment of dyspnea because it produces respiratory depression.', '2': 'None of the above', '3': 'In the agitation the treatment is haloperidol.'}",medicine,,None of the above,2,answer,,,,test
21d5ff6c-234e-4f29-8c47-f85f563d444d,nota,"A 19-year-old female presents to the emergency room with 6 days of lower abdominal pain. She states that her symptoms have progressed and she now feels feverish as well. She also notes an episode of nonbloody diarrhea 2 days ago and has been increasingly nauseous. While being evaluated in the emergency room, she vomits three times. The patient has no significant past medical history but was recently treated with ciprofloxacin for an uncomplicated urinary tract infection. She also notes irregular periods, with a last menstrual period 6 weeks ago. She is a college student who has had 3 sexual partners in the last year with inconsistent use of barrier protection. Her temperature is 100.5°C (38.1°F), blood pressure is 102/68 mmHg, pulse is 97/min, and respirations are 14/min. On exam, the patient is noticeably uncomfortable. There is marked tenderness to palpation in the suprapubic region and right lower quadrant, with voluntary guarding but no rebound. Pelvic exam shows moderate purulent discharge in the vaginal vault, cervical motion tenderness, and a tender adnexal mass on the right side. Which of the following is the best next step in treating this patient’s condition?","{'0': 'Intramuscular ceftriaxone and oral doxycycline with outpatient follow-up', '1': 'None of the above', '2': 'Oral vancomycin with outpatient follow-up', '3': 'Methotrexate with outpatient follow-up'}",unknown,,None of the above,1,answer,,,,test
e1e406be-487a-4c8e-9161-d3811bf5e033,nota,"A 23-year-old male presents to the emergency department after he was found naked wandering his neighborhood. The patient is disheveled and has not bathed in months. The patient has a past medical history of alcohol abuse and schizophrenia that is well controlled with haloperidol. The patient is started on haloperidol and most of his symptoms improve dramatically; however, he continues to refuse to eat food from the hospital as he believes it to be contaminated. The patient stays on the inpatient psychiatric unit and lab values are drawn and return as follows:

Serum:
Na+: 135 mEq/L
K+: 3.0 mEq/L
Cl-: 92 mEq/L
HCO3-: 22 mEq/L
BUN: 7 mg/dL
Ca2+: 8.4 mg/dL
Creatinine: 0.6 mg/dL
Glucose: 70 mg/dL

That patient is started on an intravenous solution containing potassium chloride and is closely monitored. His oral intake also seems to be improving. Lab values are ordered again the following day and return as follows:

Serum:
Na+: 137 mEq/L
K+: 2.9 mEq/L
Cl-: 95 mEq/L
HCO3-: 22 mEq/L
BUN: 8 mg/dL
Ca2+: 9.0 mg/dL
Creatinine: 1.0 mg/dL
Glucose: 77 mg/dL

The patient is continued on IV fluids and his clinical symptoms seem to further improve. Repeat labs the following three days remains largely unchanged. The patient's symptoms improve and he is determined to be at his baseline in terms of functioning. Which of the following is the best next step in management?","{'0': 'Discharge the patient on IM haloperidol', '1': 'IV fluids containing potassium', '2': 'None of the above', '3': 'Increase oral intake'}",unknown,,None of the above,2,answer,,,,dev
d9ffb89c-4c5b-44ca-af00-ca77dccd368b,nota,"In Wilson's disease, there is less urinary excretion of-","{'0': 'Phosphorus', '1': 'None of the above', '2': 'Phosphotyrosine', '3': 'Serine'}",pathology,,None of the above,1,answer,,,,test
c0ad9d90-9da4-4d40-bf00-a418d9bd6ce3,nota,The most frequent cause of acute pancreatitis is:,"{'0': 'None of the above', '1': 'Alcohol.', '2': 'Hypertriglyceridemia.', '3': 'Drugs'}",nursery,,None of the above,0,answer,,,,val
1550bd0b-3c19-4556-b42f-1832bf02b754,nota,The incision used for treatment of traumatic telecanthus is,"{'0': 'None of the above', '1': 'Upper blepharoplasty', '2': 'Infraorbital incision', '3': 'Preauricular incision'}",surgery,,None of the above,0,answer,,,,val
3ccef6d2-ba86-4397-997f-4bde1b6cb400,nota,Which of the following is ture about afferent nerve fibers of pulp,"{'0': 'Parasympathetic post ganglionic', '1': 'None of the above', '2': 'Parasympathetic pre ganglionic', '3': 'Sympathetic preganglionic'}",dental,,None of the above,1,answer,,,,val
cd5a8dd3-edff-4c89-be64-21cf37d09d86,nota,Essential amino-acid deficiency affect nitrogen balance by,"{'0': 'Increasing protein degradation', '1': 'Decreasing protein degradation', '2': 'None of the above', '3': 'Increasing protein synthesis'}",biochemistry,,None of the above,2,answer,,,,test
f1bd96da-f899-4aac-b52d-2d37e307605e,nota,Which of the following dietary fiber is insoluble in water?,"{'0': 'Pectin', '1': 'None of the above', '2': 'Hemicellulose', '3': 'Cellulose'}",biochemistry,,None of the above,1,answer,,,,test
c8db5d51-9113-4747-9327-7db330428e5c,nota,All are the radiological sings of Urogenital TB EXCEPT ?,"{'0': '“Smudeged Papillae” and “Moth eaten Calyx”', '1': '""Putty Kidney”', '2': '“Saw tooth Ureter”', '3': 'None of the above'}",unknown,,None of the above,3,answer,,,,test
4abeb257-07a6-4b15-af42-0ca59c7b89d4,nota,"When length of a spring is doubled, the effect is:","{'0': 'Doubled', '1': 'Four times', '2': 'Six times', '3': 'None of the above'}",dental,,None of the above,3,answer,,,,val
9068b5fe-663f-48cd-a481-3c5f6508d709,nota,"1 year old child with multiple episodes of diarrhea presents with sunken dry eyes, depressed fontanelles, very slow skin pinch. The amount of fluid to be given in the first 6 hours is","{'0': '600 ml', '1': 'None of the above', '2': '1200 ml', '3': '1500 ml'}",pediatrics,,None of the above,1,answer,,,,test
cf23b7f4-55d1-4d83-b158-b4775594c2fe,nota,What is responsible for rhythm generation of inspiration?,"{'0': 'Dorsal nucleus of vagus', '1': 'None of the above', '2': 'ventral respiratory neurons', '3': 'Pneumotaxic center'}",physiology,,None of the above,1,answer,,,,val
ed72a5ff-a800-467f-bf4c-7e374a4fbf9d,nota,Habits are classified as Intentional and Unintentional by:,"{'0': 'William James', '1': 'Kingsley', '2': 'None of the above', '3': 'Finn and Sim'}",dental,,None of the above,2,answer,,,,val
5b215a70-1a92-4f7f-b6ec-13d8150dcf63,nota,Which of the following studies have given coronary risk factor ?,"{'0': 'None of the above', '1': 'Stanford study', '2': 'Noh Kerala', '3': 'MONICA'}",social & preventive medicine,,None of the above,0,answer,,,,test
3b307609-7120-4524-be35-d531c8833202,nota,First bone to sta ossifying -,"{'0': 'Femur', '1': 'Tibia', '2': 'Scapula', '3': 'None of the above'}",anatomy,,None of the above,3,answer,,,,test
f33b59e5-8441-40ad-a212-e9fefcc7b258,nota,"From the previous question, if this boy bone age test results of 12 years, 9 months, giving priority to one of the following that diagnosis?","{'0': 'Familial short stature (genetic short stature)', '1': 'Malnutrition (malnutrition)', '2': 'None of the above', '3': 'Low energy pituitary disease (hypopituitarism)'}",unknown,,None of the above,2,answer,,,,dev
c078e3aa-74de-4875-b307-521adb675314,nota,"During protein turnover, which of the following molecules binds to the proteins marking them for degradation by the proteasome ?:","{'0': 'Cathepsin', '1': 'Ubiquinone', '2': 'None of the above', '3': 'Carnitine'}",biology,,None of the above,2,answer,,,,test
74f012f3-8159-44a2-8cbe-a5fdae8f9184,nota,Main disadvantage of relining and rebasing is:,"{'0': 'It changes the occlusal relation.', '1': 'None of the above', '2': 'Discomforts the patient.', '3': 'None.'}",dental,,None of the above,1,answer,,,,test
ecd9d119-6ad2-4446-886f-9aa45ee3a8dc,nota,Only antibiotic which is effective  against all the strains of A.A comitans:,"{'0': 'None of the above', '1': 'Metronidazole', '2': 'Tetracycline', '3': 'Minocycline'}",dental,,None of the above,0,answer,,,,test
ad757b1e-fd96-43b6-a5e1-031443e01140,nota,Which of the following answers is true in relation to Rheumatoid Arthritis ?:,"{'0': 'None of the above', '1': 'The involvement of the spine is limited to the lumbar vertebrae.', '2': 'The knee is one of the joints that is less frequently affected.', '3': 'The rheumatoid nodules are always mobile.'}",nursery,,None of the above,0,answer,,,,val
781805e2-fe3f-4a83-896b-e4feb06a8313,nota,"The following figure shows a child of the X-ray tablets, the following statements is related to the error?","{'0': 'There are signs showing intestinal anomalies', '1': 'To consider the left inguinal hernia (left inguinal hernia)', '2': 'None of the above', '3': 'Surgical treatment should be'}",unknown,,None of the above,2,answer,,,,dev
e5371771-1c85-4538-b8ae-b425db9c8026,nota,Acetals are protective groups that hydrolyze with:,"{'0': 'Bases and are stable in acidic conditions.', '1': 'None of the above', '2': 'Acids and bases.', '3': 'Neutral organic solvents.'}",chemistry,,None of the above,1,answer,,,,test
44368d53-a9b1-420c-8826-d33204a17abd,nota,A 25 years old lady with a history of fever for 1 month presents with headache and ataxia.Brain imaging shows dilated ventricles and significant basal exudates. Which of the following will be the most likely CSF finding:,"{'0': 'None of the above', '1': 'Lymphocytosis, Normal Glucose, High protein', '2': 'Lymphocytosis, Low Glucose, Normal protein', '3': 'Neutrophilia, Low glucose, Low Protein'}",medicine,,None of the above,0,answer,,,,test
e91a59ca-4bf3-4f99-a515-0583242672b2,nota,Process shown in color plate is:,"{'0': 'Bleeding on probing.', '1': 'None of the above', '2': 'Pocket measurement', '3': 'Attached ginigiva measurement'}",dental,,None of the above,1,answer,,,,val
2a3a0b11-24cf-4f77-951c-15f894ed8034,nota,"A 49-year-old G4P4 woman comes to the clinic complaining of repeated leakage of fluid from her vagina for the past 5 months. She noticed an increase in episodes following her cold last week when she was coughing and sneezing a lot. Her past medical history is significant for Crohn disease, which is well controlled with sulfasalazine. Her last menstrual period was 1 year ago. She is currently sexually active with multiple partners with inconsistent condom use. She denies any vaginal itching, abnormal discharge, pain, subpubic pressure, urinary urges, or odors. Physical examination is significant for a bulge at the anterior vaginal wall. What is the most likely explanation for this patient’s symptoms?","{'0': 'None of the above', '1': 'Detrusor muscle overactivity', '2': 'Genitourinary syndrome of menopause', '3': 'Rectovaginal fistula'}",unknown,,None of the above,0,answer,,,,dev
71f8b176-3dbe-4eb2-ba19-2679264073ef,nota,Which of the following type of bone provides better osteointegration:,"{'0': 'D1.', '1': 'None of the above', '2': 'D1, D2, D3.', '3': 'All of the above.'}",dental,,None of the above,1,answer,,,,test
a180db55-4a9c-495e-9572-356a5a387295,nota,"Latest technique by which bone graft is obtained without
damaging vital structure, vessels/veins is based on?","{'0': 'None of the above', '1': 'Osteotome', '2': 'Ultrasonic/soft lasers', '3': 'Electrocautery'}",dental,,None of the above,0,answer,,,,val
a08059cd-8511-4085-a451-4cece7e84412,nota,"A patient who is going to perform an arthroplasty, the nurse explains that the purpose of this procedure is:","{'0': 'Merge a joint.', '1': 'Limit range of motion of the joint.', '2': 'Evaluate the extent of the joint injury.', '3': 'None of the above'}",nursery,,None of the above,3,answer,,,,test
91a48514-80ae-4bf9-92ae-4a14339bc8d3,nota,Most common cause of annular cervix is ?,"{'0': 'Obstructive labor', '1': 'Prepitate labor', '2': 'None of the above', '3': 'Iatrogenic'}",gynaecology & obstetrics,,None of the above,2,answer,,,,test
3598820b-16db-45b7-b7e6-9e5e7d00092f,nota,"The following information about myocardial protection in heart surgery patients, what's wrong?","{'0': 'None of the above', '1': 'Cardioplegia potassium ions in solution, can reduce the metabolism of myocardial cells', '2': 'By extracorporeal circulation of blood to cool the body and heart in an ice bath, can achieve the effect of myocardial protection', '3': 'Cardioplegia may by antegrade or retrograde perfusion path cardiomyocytes, both can achieve cardioprotective effect'}",unknown,,None of the above,0,answer,,,,test
737a5e51-ee15-4cc8-96b5-e03d7e1b3d3e,nota,An 18-month-old boy is brought to the physician by his mother because of a 2-day history of fever and a pruritic rash that started on his trunk and then progressed to his face and extremities. He has not received any childhood vaccinations because his parents believe that they are dangerous. His temperature is 38.0°C (100.4°F). A photograph of the rash is shown. Which of the following is the most likely diagnosis?,"{'0': 'Nonbullous impetigo', '1': 'None of the above', '2': 'Rubella', '3': 'Erythema infectiosum'}",unknown,,None of the above,1,answer,,,,test
46c4d2dd-69c4-4670-bc96-17f02e1575d7,nota,"A 28-year-old female comes to the physician’s office with a complaint of episodic chest pain. She describes the pain as squeezing and tightness in her chest. This pain has been happening every few days for 3 months. She says there is no association of the pain with food or exercise. She is able to climb up to her fourth floor apartment daily without issue. Her only past medical history is migraines for which she takes appropriate medication. Here temperature is 98.6°F (37°C), blood pressure is 120/68 mmHg, pulse is 60/min, respirations are 16/min, and oxygen saturation is 98% on room air. She has no known family history. The patient is not in pain on presentation and EKG in the office is normal. 24-hour ECG monitoring shows transient ST elevations during the episodes of pain that resolve completely. The mechanism of this patient’s chest pain is most similar to the mechanism behind which of the following?","{'0': 'None of the above', '1': 'Myocardial infarction', '2': 'Aortic dissection', '3': 'Costochondritis'}",unknown,,None of the above,0,answer,,,,test
73422cec-4ae6-4560-80ce-92e1f687c705,nota,Which is not the testing technique used to determine the tensile strength?,"{'0': 'Direct tensile test', '1': 'Diametral compression test', '2': 'None of the above', '3': 'None of the above'}",dental,,None of the above,2,answer,,,,test
396677ed-f02c-4fb5-a427-aa9923268a52,nota,What is the net performance of the catabolism of 1 mole of glucose by anaerobic glycolysis ?:,"{'0': 'None of the above', '1': 'Two moles of lactate, two moles of NADH and two moles of ATP.', '2': 'Two moles of lactate, two moles of NAD + and two moles of ATP.', '3': 'Two moles of pyruvate and two moles of ATP.'}",chemistry,,None of the above,0,answer,,,,val
8fe76712-6027-44f4-9ec8-63c127c649e8,nota,Physiological antagonists are ?,"{'0': 'Adrenaline and Isoprenaline', '1': 'None of the above', '2': 'Isoprenaline and propranolal', '3': 'All of the above'}",pharmacology,,None of the above,1,answer,,,,test
d8641cb7-59fc-4c70-a69b-703f5be5b919,nota,"G2P1L1 female with 1 : 4 anti D titres at 28 weeks gestation, management is","{'0': 'None of the above', '1': 'Caesarean section', '2': 'Induction of labour', '3': 'Amniocentesis'}",gynaecology & obstetrics,,None of the above,0,answer,,,,test
696ded79-a808-4f9a-9d0c-f804d828f2be,nota,The five superfactors of the Big Five personality model arise from:,"{'0': 'A theoretical a priori approach, as in the three-factor model of H.J. Eysenck.', '1': 'A lexical approach, as in the case of R.B. Cattell.', '2': 'The combination of a factorial approach, first, followed by a lexicon.', '3': 'None of the above'}",psychology,,None of the above,3,answer,,,,val
9e9fd040-734e-4a06-bfa4-76d7454e340c,nota,Alpha waves are seen during?,"{'0': 'Sleep', '1': 'REM movements', '2': 'None of the above', '3': 'Active state'}",physiology,,None of the above,2,answer,,,,test
f89270c0-98a0-4c66-bf0d-28adc728063c,nota,Setting time of plaster is influenced by,"{'0': 'Water: powder ratio', '1': 'Speed of mixing', '2': 'Adding of gypsum', '3': 'None of the above'}",dental,,None of the above,3,answer,,,,test
b6161bab-5bf7-45cb-89b2-56a97890e1ff,nota,"After cleaning and pumicing the tooth surface, plaque formation takes place within","{'0': 'A few minutes', '1': 'None of the above', '2': '2 to 4 hour', '3': 'After 1 hour'}",dental,,None of the above,1,answer,,,,val
33141e69-6c72-407a-bfb8-69bd119e0ab3,nota,"A 16-year-old male complains of nasal obstruction and recurrent epistaxis for several months. On CT scan of Nose and Paranasal Sinuses, an enhancing mass is seen in the nasopharynx with minimal extension into sphenoid sinus and no lateral extension. What is the stage of this lesion?","{'0': 'IA', '1': 'None of the above', '2': 'IIA', '3': 'IIB'}",ent,AIIMS 2018,None of the above,1,answer,,,,val
51289550-ffbf-474a-ab3b-88779697b85c,nota,"A 46-year-old man is brought to the emergency department 15 minutes after being involved in a motor vehicle collision where he was the unrestrained driver. On arrival, he is unconscious. His respirations are 24/min, and palpable systolic blood pressure is 60 mm Hg, and pulse is 141/min and irregularly irregular. Examination shows multiple ecchymoses over the chest. There is a 3-cm (1.2-in) laceration over the abdomen and a 4-cm (1.6-in) laceration over the scalp. Jugular venous pressure is increased. Bilateral crackles are heard at the lung bases. Cardiac examination shows no murmurs, rubs, or gallops. The abdomen is soft. Two large bore intravenous catheters are inserted and 0.9% saline infusion is begun. Focused assessment with sonography in trauma (FAST) is negative. An electrocardiogram shows absent p-waves. After 5 minutes, his pulse is 160/min and palpable systolic blood pressure is 50 mm Hg. Vasopressors are administered. One hour later, the patient dies. Which of the following was the most likely diagnosis?","{'0': 'None of the above', '1': 'Hemothorax', '2': 'Aortic dissection', '3': 'Pulmonary contusion'}",unknown,,None of the above,0,answer,,,,test
8d71d055-445c-4e80-b5d7-ca0306dc5ba3,nota,"65-year-old male with hypertension, and left ventricular anterior wall heart icon across the lesion. This disease most likely diagnosis is:","{'0': 'None of the above', '1': 'Acute myocardial infarction', '2': 'Infectious endocarditis', '3': 'Endomyocardial fibroelastosis'}",unknown,,None of the above,0,answer,,,,test
7a4366e7-ce70-49b2-8f59-7f213b710b37,nota,"A 10 years old boy came to emergency with complains of severe pain in right scrotum that is not relieved for the past 1 hour. On examination, testicular torsion of the right side is suspected. The surgical intervention should be:","{'0': 'Immediate scrotal exploration of the affected side and operate opposite side if symptomatic', '1': 'Delay exploration and operate opposite side if symptomatic', '2': 'None of the above', '3': 'Delayed exploration on the affected side along with the opposite side even if asymptomatic'}",surgery,AIIMS 2019,None of the above,2,answer,,,,val
6c78f5b4-582d-4b58-92d7-79504949af4e,nota,"A 8 year old child presented with cough and fever since 15 days. On auscultation, decreased air entry was found on right side. A CXR was done and shown below. What is the most likely diagnosis?","{'0': 'None of the above', '1': 'Abscess', '2': 'Hydatid Cyst', '3': 'Congenital. AV Malformation'}",radiology,AIIMS 2019,None of the above,0,answer,,,,val
40dfd6fa-ad2f-4059-96f8-293d939196de,nota,"A 35-year-old male presents to his physician with a small mass that he found in the anterior of his neck a few days ago. The mass is not painful and does not affect his swallowing. He noticed no change in his weight. His history is significant for radiation exposure for treating his neuroblastoma at the age of 15. On examination, a nodule around the size of 2.2 cm is palpated in the right thyroid lobule; the nodule is firm and non-tender. There is cervical lymphadenopathy. His blood pressure is 118/75 mm Hg, respirations are 17/min, pulse is 67/min, and temperature is 37.5°C (99.5°F). Laboratory findings include serum Na+ of 136 mmol/L, K+ of 4.2 mmol/L, Cl– of 90 mmol/L, and bicarbonate of 24 mmol/L. Which of the following factors will most likely make the prognosis worse in this patient?","{'0': 'Age', '1': 'None of the above', '2': 'Follicular histological variant', '3': 'Hurthle cell variant'}",unknown,,None of the above,1,answer,,,,dev
bf415937-82f8-48da-ac0c-95490da9d436,nota,"A 36-year-old male is brought to the emergency department by fire and rescue after being found down in his apartment by his wife. His wife reports that the patient had been complaining of chest pain for the last few hours but refused to go to the hospital. She went to the grocery store for about half an hour and found her husband unresponsive on the ground when she returned home. The patient’s wife reports that his past medical history is significant for a “heart murmur” and that the patient’s father died at age 32 for unknown reasons. In the trauma bay, the patient’s temperature is 98.8°F (37.1°C), blood pressure is 88/41 mmHg, pulse is 116/min, and respirations are 12/min. On physical exam, the patient has a Glascow Coma Score (GCS) of 7. He has a tall stature with long limbs and long, slender fingers. He is also noted to have a pectus deformity. On cardiac exam, the patient has a diastolic decrescendo murmur at the left third intercostal space. He has weak brachial and femoral pulses.

Which of the following is the most likely etiology of this patient’s presentation?","{'0': 'Coronary atherosclerosis', '1': 'Spontaneous rupture of the aorta', '2': 'Spontaneous rupture of the mitral chordae tendinae', '3': 'None of the above'}",unknown,,None of the above,3,answer,,,,dev
4163c29c-ae5a-4714-a498-bb4f86a602d1,nota,What is the correct statement about the prevalence of depression in childhood and adolescence ?:,"{'0': 'Between 6 and 12 years, the prevalence is much higher in girls.', '1': 'None of the above', '2': 'In adolescence, depression has a very similar prevalence in girls and boys.', '3': 'The prevalence of depression is similar in adolescents and younger children.'}",psychology,,None of the above,1,answer,,,,val
e2f7d275-2aaa-4bf0-ad1b-04eff922b3a1,nota,The proximal walls of a class II cavity on a deciduous molar:,"{'0': 'Follow directions of enamel rods', '1': 'None of the above', '2': 'Diverge toward occlusal surface', '3': 'Undermine enamel which is very thin'}",dental,,None of the above,1,answer,,,,val
6b3ca3f3-d847-447a-892f-75294443a1e2,nota,"A 60-year-old chronic smoker presented with progres-sive jaundice, pruritus and clay colored stools for 2 months. History of waxing and waning of jaundice was present. A CT scan revealed dilated main pancre-atic duct and common bile duct. What is the likely di-agnosis?","{'0': 'Carcinoma head of pancreas', '1': 'None of the above', '2': 'Chronic pancreatitis', '3': 'H lar cholangiocarcinoma'}",surgery,,None of the above,1,answer,,,,val
dfd4e809-42fb-46a4-8a4b-0082b8f48ab1,nota,Typical lipoprotein contains,"{'0': 'Free cholesterol + Phospholipid at periphery', '1': 'Cholesteryl ester + FA at center', '2': 'Proteins as apoproteins', '3': 'None of the above'}",biochemistry,,None of the above,3,answer,,,,val
12d24368-47ab-4e4e-8d12-8797301c81e3,nota,"A full-term newborns, born two days and no unusual form, has also started eating regular breast milk. But the emergence of the phenomenon of poor eating and lethargy in the first 3 days, after blood tests of suspected organic acidemia. You feel that the following set of diagnostic laboratory data, can best meet the above diagnosis?","{'0': 'Glucose 60 mg/dL, pH 7.45, NH3：800 μmol/L, Lactate 2.5 μmol/L', '1': 'None of the above', '2': 'Glucose 50 mg/dL, pH 7.40, NH3：50 μmol/L, Lactate 2.5 μmol/L', '3': 'Glucose 10 mg/dL, pH 7.30, NH3：50 μmol/L, Lactate 12 μmol/L'}",unknown,,None of the above,1,answer,,,,test
3cceff11-a973-4d4d-8986-ffc74857e682,nota,ABVD is a treatment scheme used in the therapy of people who have HODGKIN disease. What are the drugs that make it up ?:,"{'0': 'Adriamycin, Bleomycin, Vinorelbine, Dacarbazine.', '1': 'Adriamycin, Bleomycin, Vincristine, Doxorubicin.', '2': 'None of the above', '3': 'Adriamycin, Bleomycin, Vinflunine, Doxorubicin.'}",nursery,,None of the above,2,answer,,,,test
36ba43c4-9947-43b5-afd5-9914725b7801,nota,A patient is not responding even after undergoing multiple platelet transfusion. Which of the following will be the best treatment for him?,"{'0': 'Random platelet donor', '1': 'Single platelet donor', '2': 'None of the above', '3': 'Irradiated platelets'}",surgery,,None of the above,2,answer,,,,val
b9da03bf-b3b4-4ec9-bfbc-06cfe999e1a7,nota,IQ range 90-109 is:,"{'0': 'Superior.', '1': 'None of the above', '2': 'Low average.', '3': 'Borderline.'}",dental,,None of the above,1,answer,,,,val
1eb99665-b41e-4277-83f1-0120b6c0f87e,nota,The minimum increase in stimulation that allows detecting a change in sensation is known as:,"{'0': 'Absolute threshold.', '1': 'None of the above', '2': 'Contrast threshold', '3': 'Echo threshold'}",psychology,,None of the above,1,answer,,,,val
2cf0bc49-1730-430a-8eae-d4076447b0b1,nota,A 65-year-old female patient developed speech apraxia two years earlier and has evolved a rigid-akinetic parkinsonism predominantly in the right half of the body with superimposed myoclonus and foreign hand phenomenon or foreign limb. Which diagnosis do you consider most likely?,"{'0': ""Parkinson's disease"", '1': 'None of the above', '2': 'Alzheimer disease.', '3': ""Huntington's disease""}",medicine,,None of the above,1,answer,,,,val
549fe41e-c976-4d16-a688-9919f98e259b,nota,"In humans, ascorbic acid cannot be synthesized because of ?","{'0': 'Deficiency of G6PD', '1': 'Deficiency of xylulose kinase', '2': 'None of the above', '3': 'Deficiency of phosphoglucomutase'}",biochemistry,,None of the above,2,answer,,,,test
7148728c-e65e-4a02-a0d0-b2e7c553564b,nota,"Question linked to image nº17 A 22-year-old man with no relevant medical history who came to the emergency room due to non-specific chest and abdominal pain. Blood pressure of 90/50 mmHg, heart rate 120 beats per minute and basal saturation 94%. Respiratory auscultation with bilateral generalized hypophonosis. What is the diagnosis and initial treatment according to the image?","{'0': 'Atelectasis Respiratory physiotherapy.', '1': 'None of the above', '2': 'Atelectasis Bronchoscopy', '3': 'Pneumothorax. Videothoracoscopy.'}",medicine,,None of the above,1,answer,,,,test
47ae8d2b-e92f-4a79-9014-5c203d660469,nota,Sugars are primarily absorbed in ?,"{'0': 'Duodenum', '1': 'None of the above', '2': 'Ileus', '3': 'Ascending colon'}",physiology,,None of the above,1,answer,,,,test
46f8c757-2b70-4810-ba8c-7f0081b38db3,nota,What are the characteristics of the Spanish health system?,"{'0': 'Public financing, universal coverage, comprehensive healthcare, equity based on accessibility and territorial decentralization.', '1': 'None of the above', '2': 'Mixed financing (public and private), mixed management (public and private) and territorial centralization.', '3': 'Financing for social security contributions, mixed management (public and private) and territorial decentralization.'}",medicine,,None of the above,1,answer,,,,test
7faf5e91-5d61-4ca3-9d6c-bbec80f7f7dc,nota,Which of the following agent increases bone resorption?,"{'0': 'Fluorides', '1': 'Growth hormone', '2': 'None of the above', '3': 'Androgens'}",unknown,,None of the above,2,answer,,,,test
2b3dca10-beef-4fdc-84e4-48b5514ba341,nota,Urinary anion gap is an indication of excretion of:,"{'0': 'Keto acids', '1': 'None of the above', '2': 'H+ ion', '3': 'Na+ ion'}",unknown,,None of the above,1,answer,,,,test
24dd8c3d-9791-423a-8c57-3e47b857e165,nota,Which of the following function of the limbic system (limbic system) is not the most relevant?,"{'0': 'Dentate gyrus (dentate gyrus)', '1': 'Dome beam (Fornix)', '2': 'Nipple body (mamillary body)', '3': 'None of the above'}",unknown,,None of the above,3,answer,,,,test
0a4ee614-de0f-43ea-bdd0-4d8cdc9b1a97,nota,Which facial bone is most prone to fracture?,"{'0': 'Mandible', '1': 'None of the above', '2': 'Zygoma', '3': 'Frontal'}",surgery,,None of the above,1,answer,,,,val
efec1fb4-1ab9-467f-8326-cee6622c9679,nota,"8.5, the urine will usually train Proteus bacteria such as Proteus mirabilis following the narrative about Wegener's granulomatosis, whichever is the most correct?","{'0': 'Blood can be measured antiproteinase-3 antibody', '1': 'None of the above', '2': 'Kidney sections> 50% tissue, can be seen granulation tissue (granuloma)', '3': 'The disease does not cause conjunctivitis and scleritis (scleritis) in the eye'}",unknown,,None of the above,1,answer,,,,dev
5a0e8b7c-05c2-4c4d-b2fd-6c118d6893fc,nota,Vector for zika virus is -,"{'0': 'None of the above', '1': 'Culex', '2': 'Anopheles', '3': 'None of these'}",microbiology,,None of the above,0,answer,,,,test
29b45401-a325-4d47-be7d-b211bb477d9b,nota,"Question linked to image nº19 The urine of a patient under study due to renal insufficiency is received in the laboratory. An analysis is made by means of a test strip, which is shown in the image. What is your diagnosis?","{'0': 'Nephrotic syndrome due to minimal injuries.', '1': 'None of the above', '2': 'Chronic interstitial nephropathy.', '3': 'Prerenal renal failure.'}",medicine,,None of the above,1,answer,,,,test
66040139-37cb-4da9-9047-e6e4cfa6990c,nota,Androgenic XX chromosome is ?,"{'0': 'Paial mole', '1': 'None of the above', '2': ""Turner's syndrome"", '3': 'Stein leventhal syndrome'}",gynaecology & obstetrics,,None of the above,1,answer,,,,test
a630fb1d-cc0d-47aa-979b-de2594c3680c,nota,"A 14-year-old boy is brought to the emergency department because of a 2-day history of fatigue. He reports that during this time he has had occasional palpitations and shortness of breath. He has sickle cell disease. Current medications include hydroxyurea and folic acid. He appears fatigued. His temperature is 38.3°C (100.9°F), pulse is 120/min, respirations are 24/min, and blood pressure is 112/74 mm Hg. Examination shows pale conjunctivae. Cardiac examination shows a midsystolic ejection murmur. Laboratory studies show:
Hemoglobin 6.4 g/dl
Leukocyte count 6,000/mm3
Platelet count 168,000/mm3
Mean corpuscular volume 84 μm3
Reticulocyte count 0.1%
Which of the following is the most likely underlying cause of these findings?""","{'0': 'None of the above', '1': 'Medication-induced hemolysis', '2': 'Defect in erythrocyte membrane proteins', '3': 'Hemolytic crisis'}",unknown,,None of the above,0,answer,,,,dev
ac3c48cb-08ef-4f20-b3f9-d4b86c9fdc1f,nota,"Roberto presents Impaired Tissue Integrity in the lower right limb. Your family nurse has reflected in your Computerized Medical Record: ""Wound healing: by second intention"". What does this NOC result mean ?:","{'0': 'Structural compromise and normal physiological function of the skin and mucous membranes.', '1': 'Magnitude of regeneration of cells and tissues after an intentional closure.', '2': 'None of the above', '3': 'Magnitude of tissue functionality in a secondary closure.'}",nursery,,None of the above,2,answer,,,,val
6a1ecffc-d141-491a-9762-191cd4706337,nota,Platelet derived growth factor is released in vessels from:,"{'0': 'Endothelial cells', '1': 'Fibroblasts', '2': 'Macrophages', '3': 'None of the above'}",pathology,,None of the above,3,answer,,,,val
3baaaedd-018f-4bcb-8efb-bcc8c2cbcbf0,nota,"A 25-year-old young women came to the clinic complaining of two days ago that is felt when the solution of urine, urethra pain and burning sensation, and then there is the phenomenon of urinary frequency and urgency of this morning is found in urine pink, two days under occasional abdominal discomfort, but did not have a fever or chills the situation. What is the most appropriate of the assumptions (Impression) would be?","{'0': 'Urinary tract stones', '1': 'None of the above', '2': 'Bladder cancer', '3': 'Acute pyelonephritis'}",unknown,,None of the above,1,answer,,,,dev
a729f359-ed03-40a5-835c-c3be4b0e8e2a,nota,A 24 years old college student while playing hockey injured his right knee. This patient presents after 3 months with instability of knee joint in it full extension without instability at 90 degree of flexion. The structure most commonly damaged is:,"{'0': 'None of the above', '1': 'Anteromedial pa of anterior cruciate ligament', '2': 'Posterior cruciate ligament', '3': 'Anterior hom of medial meniscus'}",surgery,,None of the above,0,answer,,,,val
94207c91-c6f4-4af2-a66f-bba9614349da,nota,The crucible of Gooch is:,"{'0': 'A gelatinous surface to precipitate colloids.', '1': 'A ceramic vessel to mineralize samples in a muffle furnace.', '2': 'None of the above', '3': 'A surface made with pulp of general purpose paper.'}",pharmacology,,None of the above,2,answer,,,,val
761c3acc-08a4-44a3-b410-2447d77d33ec,nota,"For determining the age between 1-13 years, the best X-ray is–","{'0': 'Elbow', '1': 'Shoulder', '2': 'None of the above', '3': 'Clavicle'}",unknown,,None of the above,2,answer,,,,test
430b0109-199a-4301-b9f0-4ee9e5c33b2f,nota,The Intellectual Quotient (IQ) is defined as:,"{'0': 'The ratio between chronological age and mental age multiplied by 100.', '1': 'None of the above', '2': 'The multiplication of chronological age by mental age divided by 100.', '3': 'The quotient between mental age and chronological age multiplied by 10.'}",psychology,,None of the above,1,answer,,,,test
1887633a-7845-4200-b616-32ac9faf2fa9,nota,In which of the following fetal presentations would the cesarean section always be indicated?,"{'0': 'Transverse iliac occipital.', '1': 'Full buttocks.', '2': 'None of the above', '3': 'A previous cesarean.'}",medicine,,None of the above,2,answer,,,,val
7a025afd-255b-4437-a644-63bd42aeaef2,nota,Chlorhexidine is chemically incompatible with:,"{'0': 'Lipophilic substances.', '1': 'None of the above', '2': 'Hydrophilic substances.', '3': 'Ketones'}",pharmacology,,None of the above,1,answer,,,,test
36edec15-9a2c-4da3-be62-7989bca7f79d,nota,"When a patient is diagnosed with ureteral stone with water right kidney has the right, while the left kidney stones, but there are no left hydronephrosis; do you think the following description whichever is most appropriate treatment steps?","{'0': 'First the stones is left to treat ESWL, stones and the like right after dissection treatment ureteral stones', '1': 'Meanwhile purposes ESWL treatments for both sides of the stones', '2': 'None of the above', '3': 'First right ureter kidney stones pushed back, and then administered both sides of extracorporeal shock wave lithotripsy'}",unknown,,None of the above,2,answer,,,,dev
56c5966e-d822-45c7-9c01-0f7ba923368e,nota,The systolic blood pressure in normal healthy males of age group of 40 — 60 has a normal distribution with a mean of 130 in a sample of 100. People with systolic blood pressure more than 130 will be:,"{'0': '100', '1': '75', '2': 'None of the above', '3': '25'}",dental,,None of the above,2,answer,,,,val
28d70c06-a05c-4b39-813a-e3e03aabcd4a,nota,"About open tibial fractures Gustilo classification, the following statements is wrong?","{'0': 'Level I, open fracture, the wound is less than 1 cm', '1': 'Class II, open fractures, wounds larger than 1 cm, unconsolidated extensive soft tissue injury', '2': 'None of the above', '3': 'The first stage IIIC, open fractures and extensive soft tissue injury and merge any need to repair arterial damage'}",unknown,,None of the above,2,answer,,,,test
c43383e0-a4f8-4fb6-a7de-af23384367d3,nota,The prevalence of disease in a population is expected to be 50%. An investigator is interested in the range of 45 to 55% with 95% confidence. The minimum sample size required for the study is:,"{'0': '100', '1': '200', '2': '300', '3': 'None of the above'}",social & preventive medicine,,None of the above,3,answer,,,,val
b2d2bd33-2b12-4bcb-9749-6f297dac07cf,nota,"A 25-year-old lady presents with sudden severe bilateral loss of vision, more so on the right side, with no perception of light. Rest of the examination including pupillary reflexes, fundus and optokinetic nystagmus are normal. She was able to touch the tips of her fingers with her right eye closed but not with her left eye closed. The most like1 tgnosis is:","{'0': 'Optic neuritis', '1': 'Anterior ischemic optic neuropathy', '2': 'CMV retinitis', '3': 'None of the above'}",ophthalmology,,None of the above,3,answer,,,,val
7bcde2c6-c665-47b1-bd22-c7502c09365b,nota,"Which	of	the	following	can	result	in	Paradoxical
excitement in children.","{'0': 'Morphine', '1': 'None of the above', '2': 'Nitrous Oxide', '3': 'Amphetamine'}",dental,,None of the above,1,answer,,,,val
f33c6fa8-e8d7-4047-b3ed-8d4a3fa7dd88,nota,Which of the following is not a risk factor for malignancy,"{'0': 'DNA aneuploidy', '1': 'None of the above', '2': 'Invasive candidiasis', '3': 'Leukoplakia in non smokers'}",pathology,,None of the above,1,answer,,,,val
1c6a6a99-215e-46f0-a9b3-83e562b7bb91,nota,"A 52-year-old man presents to the physician because of ongoing shortness of breath, which is more prominent when he lies down. Occasionally, he experiences palpitations, especially during strenuous activities. In addition to this, he has been experiencing difficulty in digestion and often experiences regurgitation and dysphagia. He reports that he emigrated from Mexico 20 years ago and visits his hometown twice a year. The vital signs include: blood pressure 120/75 mm Hg, respiratory rate 19/min, and pulse 100/min. The physical examination shows jugular vein distention along with pitting edema in the ankles. Bilateral basilar crackles and an S3 gallop are heard on auscultation of the chest. A chest X-ray is taken. An electrocardiogram (ECG) shows no significant findings. What is the most likely explanation for this patient’s physical and diagnostic findings?","{'0': 'Alcohol abuse', '1': 'Hypertensive changes', '2': 'None of the above', '3': 'Bacterial infection'}",unknown,,None of the above,2,answer,,,,test
0dc6093b-c128-4412-b746-986b03cce10e,nota,Nosocomial infection is most commonly caused by:March 2004,"{'0': 'None of the above', '1': 'Gram positive bacilli', '2': 'Gram negative cocci', '3': 'Mycoplasma'}",microbiology,,None of the above,0,answer,,,,test
cf2e19df-6971-4020-8f65-9494110a0f82,nota,"Car accident caused the proximal end of the fibula fracture, Which of the following most unlikely?","{'0': 'Pedal (foot-drop)', '1': 'Dorsal sensory loss', '2': 'The outside of the front leg lost feeling', '3': 'None of the above'}",unknown,,None of the above,3,answer,,,,test
4386bd46-25f6-4607-9db3-2a6003699702,nota,"A 29-year-old primigravid woman at 35 weeks' gestation is admitted to the hospital in labor. She has no history of serious medical illness. She has had an uncomplicated pregnancy. Her last ultrasound at 22 weeks' gestation was normal. On admission, fetal heartbeats cannot be detected by fetal doppler monitor. Ultrasound shows decreased amniotic fluid levels and no evidence of fetal movement, respiration, or heart activity. The patient gives birth to a 2296 g (5 lb 1 oz) male infant. Physical examination shows no signs of life. There are no visible malformations. The placenta is unremarkable. Which of the following is the most appropriate next step in management?","{'0': 'Perform karyotyping of amniotic fluid', '1': 'None of the above', '2': 'Obtain photographs, x-ray imaging, and MRI', '3': 'Obtain consent for parental genetic testing'}",unknown,,None of the above,1,answer,,,,test
023a0d4c-df33-445d-ac17-64cd9b1c6dd3,nota,"For Viktor Frankl Logotherapy, what is the main generator of neuroses ?:","{'0': 'The repression of the libido.', '1': 'The deficiencies in the upbringing.', '2': 'None of the above', '3': 'Social frustration'}",psychology,,None of the above,2,answer,,,,test
b3fb8806-e635-4b7c-997b-8ed6a2b6f982,nota,Which of the following drugs is a prodrug ?:,"{'0': 'Vigabatrin', '1': 'Methotrexate', '2': 'Atracurio.', '3': 'None of the above'}",pharmacology,,None of the above,3,answer,,,,test
205b36b6-147a-40aa-86c2-0b03e4e0e164,nota,"A 40-year-old woman presents with severe shortness of breath. The patient is unable to provide a history due to her breathing difficulties. The patient’s roommate says that she came home and found her in this state. She also says that they both occasionally take sleeping pills to help them fall asleep. Physical examination reveals an obese female, dyspneic with diminished chest wall movements. The patient’s A-a gradient is calculated to be 10 mm Hg. Which of the following most likely accounts for this patient’s symptoms?","{'0': 'None of the above', '1': 'Impaired gas diffusion', '2': 'Left-to-right blood shunt', '3': 'Right-to-left blood shunt'}",unknown,,None of the above,0,answer,,,,test
97c0cd45-544e-4329-b7e7-748ce1214923,nota,"Mature B cells can express IgM and IgD simultaneously two immunoglobulin on the cell surface, the main molecular mechanisms why?","{'0': 'None of the above', '1': 'Alleles exclude (allelic exclusion)', '2': 'V', '3': 'J segment recombinant (recombination)'}",unknown,,None of the above,0,answer,,,,dev
f66e895d-cb3f-46f5-8354-f24b41c78c88,nota,Acid used for forging signature is ?,"{'0': 'Sulphuric acid', '1': 'Nitric acid', '2': 'Carbolic acid', '3': 'None of the above'}",forensic medicine,,None of the above,3,answer,,,,test
febb6dc4-c4fc-457b-8ab6-1ded17b07275,nota,Which of the following statements is false in relation to myofacial pain dysfunction syndrome?,"{'0': 'Mainly affects young females', '1': 'Is caused by muscle fatigue due to chronic oral habits as grinding and clenching', '2': 'Treatment involves construction of occlusal guard and stress free emotional condition', '3': 'None of the above'}",pathology,,None of the above,3,answer,,,,val
267349ac-418e-41bf-ae2b-863fdabdb5c2,nota,"The following information about the palm in the muscles (intrinsic muscles) of the narrative, what's wrong?","{'0': 'Abductor hallucis muscle (abductor pollicis) by the median nerve (median nerve) dominated', '1': 'None of the above', '2': 'Dorsal metacarpal muscle (dorsal interossei) by the ulnar nerve (ulnar nerve) dominated', '3': 'Lumbrical (lumbricals) by the median nerve (median nerve) and ulnar nerve (ulnar nerve) jointly governed'}",unknown,,None of the above,1,answer,,,,dev
e396bbf7-a5c9-4340-84c6-4a38fccbfe71,nota,"12. A 50-year-old female tuberculosis patients, anti-tuberculosis drugs for 4 has a first line of a month, the patient complained of poor appetite, fatigue slightly, but the deeper yellow urine, liver function tests found that bilirubin T / D 15/8 mg / dL, AST: 68 U / L, ALT: 70 U / L. Most can not be that kind of anti-TB drugs cause?","{'0': 'isoniazid', '1': 'rifampin', '2': 'None of the above', '3': 'pyrazinamide'}",unknown,,None of the above,2,answer,,,,dev
91eca2e7-8498-4cbe-b6b1-370e50439d40,nota,A female with suspected child abuse was brought to the casualty with severe bleeding from the perineum. What should be the first line of management?,"{'0': 'None of the above', '1': 'Internal iliac aery ligation', '2': 'Whole blood transfusion', '3': 'Inform police before staing the treatment'}",surgery,,None of the above,0,answer,,,,val
ea5551f9-d08e-4553-811d-04e172ac2c00,nota,"Aphasia narrative about the symptoms and possible site of injury, whichever is correct?","{'0': 'None of the above', '1': 'Normal language comprehension, difficulty speaking, slow and smooth, the site of injury may be angular gyrus', '2': 'Normal language comprehension, speaking fluent but meaningless, the site of injury may be angular gyrus', '3': ""Normal language comprehension, speaking fluent but meaningless, the site of injury may be Wernicke's area""}",unknown,,None of the above,0,answer,,,,dev
032012fa-0bcb-4d90-bb88-ad0530c0155b,nota,"A 75-year-old male, 8 years ago in the limbs asymptomatic rash, the rash gradually increased proliferation. To three years ago, almost to this rash spread over the whole body. After no significant change in the scope of the rash. 8 years, very few patients medication. Physical examination, skin rash and made more than 90% of the surface area of ​​the skin (erythroderma) (as shown in Figure 1). Both axillary and inguinal lymph nodes clear, lymphocyte blood smear visible profile (as shown in Figure II). This patient most likely diagnosis Why?","{'0': 'Drug rash (drug eruption)', '1': 'Dermatomyositis (dermatomyositis)', '2': 'None of the above', '3': ""Bo Zhede's disease (Paget's disease)""}",unknown,,None of the above,2,answer,,,,test
c1079bbe-6cb8-4e9c-ac66-036480d01e15,nota,What is the procedure designed by Ebbinghaus to measure retention or forgetting ?:,"{'0': 'None of the above', '1': 'The partial report technique.', '2': 'The technique of the total report.', '3': 'The cost-benefit paradigm.'}",psychology,,None of the above,0,answer,,,,test
ebe0de51-b6bf-49c3-830c-aa8f3da5b959,nota,Infrared spectroscopy is useful for identifying terminal alkynes. These have characteristic bands of tension of the triple bond between:,"{'0': '3100-3500 cm-1.', '1': '1700-1800 cm-1.', '2': 'None of the above', '3': '1600-1700 cm-1.'}",chemistry,,None of the above,2,answer,,,,test
b3e9d0b4-d62a-49fe-82de-dda942c3ba03,nota,What part of the electrocardiogram corresponds to ventricular depolarization ?:,"{'0': 'The P wave', '1': 'None of the above', '2': 'The T wave', '3': 'The PR segment.'}",pharmacology,,None of the above,1,answer,,,,test
2fcdbe56-1e7a-4bb9-a9a1-5440e7be7e00,nota,Which of the following compounds is not a coenzyme ?:,"{'0': 'Biocytin.', '1': 'None of the above', '2': 'Lipoate', '3': 'Tetrahydrofolate.'}",chemistry,,None of the above,1,answer,,,,val
9d533488-769a-4a16-9404-905525ecac84,nota,"A 35-year-old woman with a one-year history of auditory hallucinations and periods of anhedonia and amotivation is being seen by her psychiatrist. She was started on haloperidol at her last visit, but she was told to stop taking the medication since she developed muscle stiffness and spasms soon after taking the drug. Today, her temperature is 97.7°F (36.5°C), blood pressure is 132/76 mmHg, pulse is 98/min, and respirations are 12/min. The patient is now started on a new medication that will seek to avoid the same side effects as her previous one; however, she will need to come in for weekly testing. Which of the following should be tested weekly?","{'0': 'Electrocardiogram', '1': 'Electrolytes', '2': 'Gonadotropin releasing hormone', '3': 'None of the above'}",unknown,,None of the above,3,answer,,,,dev
1242df96-c75c-4ad7-9e7a-4501a615241d,nota,Which of the following is not a part of behavioural science?,"{'0': 'Social psychology', '1': 'Social anthropology', '2': 'None of the above', '3': 'Sociology'}",unknown,,None of the above,2,answer,,,,test
da94cf3a-186d-4862-b0a1-56ab8b479965,nota,Which of the following semi-solid pharmaceutical forms with which a master formula can be prepared has greater occlusivity ?:,"{'0': 'None of the above', '1': 'Hydrophobic or water-oily creams.', '2': 'Hydrophilic or ole-aqueous creams.', '3': 'Hydrophilic ointments'}",pharmacology,,None of the above,0,answer,,,,test
9eaa6e2b-0c3b-4e69-bd5b-6f39e2bab083,nota,Which enzymes have the function of changing the degree of DNA undercoiling ?:,"{'0': 'the DNA ligases.', '1': 'The DNA helicases.', '2': 'None of the above', '3': 'The DNA polymerases.'}",chemistry,,None of the above,2,answer,,,,test
a7724ba3-69fa-4e32-84a3-a3c740ba7df4,nota,Exercise mediated increase in muscular blood flow is mediated by which sympathetic fibers,"{'0': 'Adrenergic', '1': 'Noradrenergic', '2': 'Dopaminergic', '3': 'None of the above'}",physiology,,None of the above,3,answer,,,,test
7dcc210f-0ecc-45b4-a77e-8ddecab6c756,nota,"A 4-year-old brother accidentally hit the wall nearest to walk often fall between parents accidentally discovered his left eye was white pupil phenomenon (white pupil), it is brought to the eye clinic examination. Will Which of the following disposal less suitable?","{'0': 'None of the above', '1': 'Arrangement eye ultrasonography (B-scan)', '2': 'Arrangement socket portion tomography (Orbital CT scan)', '3': 'Indirect ophthalmoscopy after dilation fundus observation (Indirect Ophthalmoscopy)'}",unknown,,None of the above,0,answer,,,,test
cca7eb4d-3a29-4e5c-9f51-76c28a705904,nota,"A Patient in medical intensive care unit who is intubated ,suddenly removes the endotracheal tube. What should be done next?","{'0': 'Sedate and reintubate', '1': 'Make him sit and do physiotherapy', '2': 'None of the above', '3': 'Give bag and mask ventilation and intubate'}",anaesthesia,AIIMS 2017,None of the above,2,answer,,,,val
16dea65c-2778-40c0-adef-9418854f5913,nota,"What effect does an increase in the concentration of 2,3-bisphosphoglycerate (2,3-BPG) cause in hemoglobin ?:","{'0': 'The four heme groups are saturated with 2.3BPG.', '1': 'The oxygenated conformation is stabilized.', '2': 'Increase the affinity for O2.', '3': 'None of the above'}",biology,,None of the above,3,answer,,,,test
e568320b-1cc3-4a6d-9a56-bb67c62ed9ff,nota,Gold standard for treatment of gingival recession is:,"{'0': 'Free gingival graft.', '1': 'None of the above', '2': 'Apically displaced flap.', '3': 'Edland Meichar flap.'}",dental,,None of the above,1,answer,,,,test
8057a69f-cf8b-42fd-ab94-664ad5f8f1d1,nota,The vitamin that regulates the levels of calcium in the blood and has an important role in the healthy functioning of nerves and muscles is:,"{'0': 'Vitamin E.', '1': 'Vitamin A.', '2': 'Vitamin K.', '3': 'None of the above'}",nursery,,None of the above,3,answer,,,,val
b89b50df-2216-43a7-bae7-85b23fbaaabb,nota,Modified access cavity in maxillary molar to accommodate accessory orifice is known as,"{'0': 'Clove leaf', '1': 'Shamrock preparation', '2': 'None of the above', '3': 'None'}",dental,,None of the above,2,answer,,,,val
9a03e205-6113-4852-b1ad-df3b83f0477a,nota,"There are the following account of the thyroid tongue (lingual thyroid) of, what's wrong?","{'0': 'Mostly women', '1': 'None of the above', '2': 'Thyroid scan is necessary examination before treatment', '3': 'There are only symptoms need surgery'}",unknown,,None of the above,1,answer,,,,test
1f60f5f7-7b62-405a-9e93-85db6a25fcf4,nota,Which acute phase reactant induces rouleaux formation,"{'0': 'C reactive protein', '1': 'None of the above', '2': 'Serum amyloid A', '3': 'IL 1'}",pathology,,None of the above,1,answer,,,,test
d80f5140-677a-4016-85dc-daf5de73b0be,nota,Which of the following drugs can not prevent or treat acute migraine?,"{'0': 'None of the above', '1': 'sumatriptan', '2': 'propranolol', '3': 'dihydroergotamine'}",unknown,,None of the above,0,answer,,,,test
577184f9-020e-4f0a-9dcb-e92779a090e2,nota,A 21-year-old female presents to the clinic requesting prenatal counseling. She was born with a disease that has led her to have recurrent upper respiratory infections throughout her life requiring antibiotic prophylaxis and chest physiotherapy as well as pancreatic enzyme replacement therapy. She marries a man (without this disease phenotype) from a population where the prevalence of this disease is 1/100. What is the chance that their child will have the disease of interest?,"{'0': 'None of the above', '1': '1/10', '2': '81/100', '3': '9/10'}",unknown,,None of the above,0,answer,,,,test
46563d3e-788f-4e64-88ab-4817d128df5c,nota,Which of these antiepileptic drugs is indicated for use in acute manic crises ?:,"{'0': 'Topiramate.', '1': 'Lamotrigine', '2': 'None of the above', '3': 'Gabapentin'}",pharmacology,,None of the above,2,answer,,,,test
aad56188-3468-4587-b244-07b01dc01a0f,nota,"If a normality test offers a value p> 0.05, how is it interpreted ?:","{'0': 'It can be assumed that the variable does not follow a normal distribution.', '1': 'It can not be assumed that the variable follows a normal distribution.', '2': 'None of the above', '3': 'The test has turned out to be significant.'}",biology,,None of the above,2,answer,,,,test
c5b4a061-5b03-41ec-8b7f-d421ec54d7ad,nota,What statistical test would be applied to compare two eye drops administering a different one in each eye of the same patient ?:,"{'0': ""Student's t test of independent samples."", '1': 'Exact Fisher.', '2': 'None of the above', '3': 'Welch'}",biology,,None of the above,2,answer,,,,test
60e65cb6-642b-4960-8799-6fd853a25598,nota,"A 68-year-old woman four years ago but had prolapse and urinary incontinence received hysterectomy and urinary incontinence surgery (burch operation), urinary incontinence, but now no longer complained of a lump in the vagina prolapse, she thinks this may be a symptom associated with her lower back pain, back pain because the slightest symptoms in the morning, but over time more and more serious. If you as the woman line physical examination, most likely will find:","{'0': 'cystocele', '1': 'rectocele', '2': 'enterocele', '3': 'None of the above'}",unknown,,None of the above,3,answer,,,,test
8302c517-eb8c-4c70-b7b6-a216b911ddd2,nota,"A 32-year-old homeless man presents to the emergency department with dyspnea, left-sided chest pain, chills, and a productive cough over the last week or so. He does not have medical insurance and has not seen a doctor for many years. His chest pain increases with inspiration. The pain does not radiate or worsen with movement. He states that has a productive cough with yellow sputum with flecks of blood. He drinks 6 beers a night and does not smoke or take illicit drugs. Temperature is 37.8°C (100.0°F), blood pressure is 124/90 mm Hg, pulse is 92/min, and respiration rate is 16/min. On physical examination, tactile fremitus is increased and there is a dullness to percussion over the lower part of the left lung. No murmurs are heard. Oral examination reveals poor dentition. Chest X-ray reveals a large left lobar opacification with extensive pleural effusion. Which of the following is the best initial management for this patient?","{'0': 'Supplemental oxygen', '1': 'None of the above', '2': 'Inhaled bronchodilators', '3': 'Upper endoscopy'}",unknown,,None of the above,1,answer,,,,dev
6934b841-2956-4613-be86-19bacc37dd59,nota,HALE is used to measure,"{'0': 'Disability adjusted life expectancy', '1': 'None of the above', '2': 'Quality adjusted life expectancy', '3': 'Expectancy free of disability'}",social & preventive medicine,,None of the above,1,answer,,,,test
ee71adbc-9fcb-4105-ba57-a7e1745b30cc,nota,What is the main utility of aluminum and lithium hydride in Organic Chemistry ?:,"{'0': 'It is an oxidizing agent.', '1': 'None of the above', '2': 'It is an acid compound.', '3': 'It is an organometallic reagent.'}",chemistry,,None of the above,1,answer,,,,val
224bd2ca-7559-48f2-bee2-19c9d3472582,nota,"To remove any occlusal pre-maturity, what should be the first step to be done:","{'0': 'Check working side interference.', '1': 'Check non working interference.', '2': 'None of the above', '3': 'Any of the above.'}",dental,,None of the above,2,answer,,,,val
4233eb17-2c9e-4cbd-a25a-a9771257c30d,nota,"A group of researchers is conducting a study to assess the validity and reliability of patient history in determining the amount and duration of drug abuse. In this study, 60 subjects with hepatitis were asked details of their history of drug abuse, such as the duration of drug abstinence, the amount and duration of drug abuse, and the treatment history. Additionally, a source close to or related to each of the study subjects (most often a spouse) was asked similar questions about the subject by a second researcher who was blinded to the subject’s drug abuse history. Results revealed that the duration of drug abstinence correlated highly between subjects and the source (Spearman’s r = 0.94, p-value < 0.001), as did the individual's score on the stimulant relapse risk scale (SRRS, Spearman’s r = 0.74, p-value < 0.001), a ranked metric of relapse risk. Which of the following statements regarding this results of this study is true?","{'0': 'If the authors had conducted a study on larger sample size, Pearson’s correlation coefficient for these data would have been calculated.', '1': 'There is a linear relationship between the duration of drug abstinence as assessed by the subject and their close/related source.', '2': 'None of the above', '3': ""We can conclude that 88.4% (= 0.94 x 0.94) of the variability in the duration of drug abstinence (as assessed by the study subjects) can be 'explained' by the variability in the duration of drug abstinence as assessed by their sources.""}",unknown,,None of the above,2,answer,,,,dev
b240f1a6-bef8-4fb0-88ca-a01fe59b8725,nota,Function of Lacis cells in nephron?,"{'0': 'H+secretion', '1': 'Na+reabsorption', '2': 'Renin secretion', '3': 'None of the above'}",physiology,,None of the above,3,answer,,,,test
7215ee8a-6233-4c62-9e01-e6c1a672effa,nota,"A 32-year-old woman presents to an urgent care facility after having sustained a deep cut 8 hours ago while hiking in the Appalachian mountains. Immediately after she sustained the injury she rinsed out the dirt with a bottle of saline from her first aid kit. She immigrated to the United States at age 20 and was unvaccinated upon arrival. Her medical records indicate that she has since received one dose of Tdap and one Td booster 3 years ago. She is afebrile, well appearing, and her wound appears clean without signs of infection at this time. What is the next best step in management?","{'0': 'Tetanus immunoglobulin only', '1': 'Tetanus titers and if negative, tetanus toxoid and immunoglobulin within 48 hours', '2': 'None of the above', '3': 'Tetanus toxoid and tetanus immunoglobulin today; tetanus toxoid again on days 3, 7, and 14 after exposure'}",unknown,,None of the above,2,answer,,,,dev
82d8eebe-385d-4439-b735-5809ba8e5fff,nota,The severity of mitral stenosis can be judged by-,"{'0': 'Intensity of murmur', '1': 'None of the above', '2': 'Left ventricular S3', '3': 'Loud S1'}",medicine,,None of the above,1,answer,,,,test
313d5c3e-060f-4b47-a4d8-24e972923c13,nota,The tuberculin test is a test example of:,"{'0': 'The innate immune response.', '1': 'None of the above', '2': 'Cytotoxicity', '3': 'Specific immunodeficiency test.'}",biology,,None of the above,1,answer,,,,val
67954420-05c9-4e93-afbf-853eabe52f7f,nota,MTP act was last modified in?,"{'0': '2000', '1': 'None of the above', '2': '2005', '3': '2007'}",unknown,,None of the above,1,answer,,,,test
3510fbda-77fd-49cf-b347-86461836e005,nota,"What disorder corresponds to the presence of symptoms such as the following: general state of confusion, spatial, personal and temporal disorientation, polyneuropathies, inability to recognize family members and serious problems of attention and memory:","{'0': 'Collusion.', '1': 'Munchausen syndrome.', '2': 'None of the above', '3': 'Pollystoff syndrome.'}",psychology,,None of the above,2,answer,,,,val
a775b3d5-4d92-44b5-92bc-9fb08825d7c8,nota,"What kind of type of thyroid cancer, the patient should be taking into account the possible merger of hyperparathyroidism (Hyperparathyroidism) or pheochromocytoma (Pheochromocytoma)?","{'0': 'Papillary carcinoma', '1': 'Follicular carcinoma', '2': 'None of the above', '3': 'Undifferentiated carcinoma'}",unknown,,None of the above,2,answer,,,,test
286aa1e3-ee35-4add-8d26-860160e50b2c,nota,Fluconazole resistant candidiasis in a HIV positive patient is treated by:,"{'0': 'Nystatin', '1': 'None of the above', '2': 'Ketoconazole', '3': 'Clotrimazole'}",pharmacology,,None of the above,1,answer,,,,test
43da2c8c-fc59-422d-b91e-9e9d24401ac0,nota,"The following statements about spinal cord white matter (white matter), and what's right?","{'0': 'None of the above', '1': 'Ventral corticospinal diameter (ventral corticospinal tract) as intersecting nerve fibers', '2': 'Gracile (fasciculus gracilis) present in the front cable (anterior funiculus)', '3': 'Wedge-shaped beam (fasciculus cuneatus) present in whole spinal cord white matter'}",unknown,,None of the above,0,answer,,,,dev
13d052aa-6db2-4ea1-b348-dab2815a5b7b,nota,What is the drug of choice for precocious pubey in girls?,"{'0': 'None of the above', '1': 'Cyproterone acetate', '2': 'Danazol', '3': 'Medroxyprogesterone acetate'}",gynaecology & obstetrics,,None of the above,0,answer,,,,val
8f2b2678-f303-48b0-be3e-2075dee0bab4,nota,A child is admitted on 7 days of life with severe respiratory distress and shock. He was discharged 2 days back healthy. What could be the probable diagnosis –,"{'0': 'VSD large', '1': 'None of the above', '2': 'Ebstein anomaly', '3': 'AP window defect'}",pediatrics,,None of the above,1,answer,,,,val
2254a102-5dbb-4969-bbd5-8933a603a24d,nota,What is normally seen in lumbar spine:-,"{'0': 'Scoliosis', '1': 'None of the above', '2': 'Kyphosis', '3': 'Recurvatum'}",anatomy,AIIMS 2018,None of the above,1,answer,,,,val
bb9bb858-4344-4b99-bbf1-34709f5e9c6b,nota,Only disease which is eradicated worldwide ?,"{'0': 'None of the above', '1': 'Polio', '2': 'Diphtheria', '3': 'Measles'}",social & preventive medicine,,None of the above,0,answer,,,,test
4e5eaec2-8830-4a08-a00b-9a7c61875c43,nota,The presence of substances in water that one can best represent contamination by fecal recently?,"{'0': 'None of the above', '1': 'NO2--N', '2': 'NO3 - N', '3': 'N2O5-N'}",unknown,,None of the above,0,answer,,,,dev
59ffeff0-1054-4025-9095-d4ab7c0a51aa,nota,Delaire facemask used in the treatment of:,"{'0': 'Mandibular retrognathism.', '1': 'Maxillary prognathism.', '2': 'None of the above', '3': 'All of the above.'}",dental,,None of the above,2,answer,,,,test
4c6d2f87-de77-46ad-a65c-81c44f5f3f6e,nota,"A 64-year-old man comes to the emergency department because of a 2-day history of lower back pain, fever, and chills. He has had nausea but no vomiting during this time. He has hypertension, chronic kidney disease, and type 2 diabetes mellitus. Three months ago, he underwent amputation of his left third toe because of a non-healing ulcer. He has smoked a pack of cigarettes daily for 48 years. Current medications include hydrochlorothiazide, metoprolol, and insulin. His temperature is 39.4°C (102.9°F), pulse is 102/min, blood pressure is 150/94 mm Hg, and respirations are 18/min. Examination shows a 1-cm (0.4-in) round ulcer on the sole of his right foot. There is costovertebral angle tenderness on the left side. The abdomen is soft. Laboratory studies show:
Hemoglobin 11.5 g/dL
Leukocyte count 19,000/mm3
Serum
Na+ 140 mEq/L
Cl− 102 mEq/L
K+ 5.0 mEq/L
HCO3− 25 mEq/L
Urea nitrogen 65 mg/dL
Creatinine 2.4 mg/dL
Glucose 240 mg/dL
Urine
Blood 1+
Protein 1+
WBC 100/hpf
Nitrite 2+
WBC casts numerous
Urine and blood samples for culture and sensitivity tests are obtained. Which of the following is the most appropriate next step in management?""","{'0': 'None of the above', '1': 'Outpatient treatment with oral levofloxacin', '2': 'Outpatient treatment with trimethoprim-sulfamethoxazole', '3': 'Initiate hemodialysis'}",unknown,,None of the above,0,answer,,,,test
4e863bef-f171-4f97-806e-44e04eb1d738,nota,"The so-called ""healthy worker effect (healthy worker effect)"" refers to what kind of bias (bias) cause?","{'0': 'None of the above', '1': 'Deviation (information bias) on data', '2': 'Interference (confounding)', '3': 'Deviation (measurement error) measuring'}",unknown,,None of the above,0,answer,,,,dev
9cc08ff4-a125-4f5e-84fb-35f9fc69ce64,nota,In which type of assessment is murexide used as indicator ?:,"{'0': 'Redox.', '1': 'None of the above', '2': 'Acid-base.', '3': 'Precipitation.'}",pharmacology,,None of the above,1,answer,,,,test
eb4a6c37-f237-4c2c-a72c-47bd6e6c4e24,nota,Result of liquorice ingestion,"{'0': 'Hyperkalemic alkalosis', '1': 'None of the above', '2': 'Hypokalemic acidosis', '3': 'Hypermalemic acidosis'}",medicine,,None of the above,1,answer,,,,test
546fc28c-6c32-4e91-953c-b37e1e00971a,nota,Sensitivity in gingival area of class II light cured composite restoration after 2 months is due to:,"{'0': 'None of the above', '1': 'Curing from occlusal area only', '2': 'Addition of resin in multiple increments', '3': 'Curing from buccal and lingual aspect'}",dental,,None of the above,0,answer,,,,val
21ce4b42-5c3d-45a7-b329-8c5643395f89,nota,Sublingual salivary gland lies:,"{'0': 'None of the above', '1': 'Inferior to mylohyoid', '2': 'Deep to genioglossus', '3': 'Deep to geniohyoid'}",anatomy,,None of the above,0,answer,,,,val
fd0df044-844a-4cc6-b8ca-bd9a26ff6585,nota,A 6 years male child comes with complaints of bedwetting. The child is continent during the day and problem is only at night. Growth and development of the child were normal. Urine microscopy is normal and urine specific gravity was 1.020. How will you manage?,"{'0': 'None of the above', '1': 'Refer to psychiatrist', '2': 'Complete blood counts', '3': 'Ultrasound-KUB'}",pediatrics,,None of the above,0,answer,,,,val
9cd09f08-2469-4be9-8775-737e3c4c3c26,nota,Diagnosis of the following ECG-,"{'0': 'Ventricular bigeminy', '1': 'None of the above', '2': 'P pulmonale', '3': 'Left ventricular failure'}",medicine,AIIMS 2017,None of the above,1,answer,,,,val
97157604-328c-4790-ab38-132d27cab88e,nota,"A 15-year-old girl is brought to the clinic by her mother because she is worried the patient has not yet had her period. The patient’s older sister had her first period at age 14. The mother had her first period at age 13. The patient reports she is doing well in school and is on the varsity basketball team. Her medical history is significant for asthma and atopic dermatitis. Her medications include albuterol and topical triamcinolone. The patient’s temperature is 98°F (36.7°C), blood pressure is 111/72 mmHg, pulse is 65/min, and respirations are 14/min with an oxygen saturation of 99% on room air. Her body mass index (BMI) is 19 kg/m^2. Physical exam shows absent breast development and external genitalia at Tanner stage 1. Serum follicle stimulating hormone (FSH) level is measured to be 38 mIU/mL. Which of the following is the next best diagnostic step?","{'0': 'CYP17 gene work-up', '1': 'Estrogen levels', '2': 'Gonadotrophin-releasing hormone stimulation test', '3': 'None of the above'}",unknown,,None of the above,3,answer,,,,dev
54320ef3-a97b-4d4b-8288-e1bb04674272,nota,"35-year-old male patient to the dermatology clinic complaining of every summer who will appear white and brown rash (Figure), KOH microscopic examination found ""spaghetti and meatballs"", then this patient most likely suffer from:","{'0': 'Rose rosea (pityriasis rosea)', '1': 'None of the above', '2': 'White rosea (pityriasis alba)', '3': 'Chronic of moss rosea (pityriasis lichenoides chronica)'}",unknown,,None of the above,1,answer,,,,test
3bbfe902-08aa-4887-8672-7ec46af24f91,nota,"In skeletal muscle, following what role does not require ATP?","{'0': 'Calcium ions into the sarcoplasmic reticulum', '1': 'Actin myosin isolated from', '2': 'None of the above', '3': 'Myosin sliding action'}",unknown,,None of the above,2,answer,,,,test
698fb480-54fb-460d-b93e-72e02745ce4c,nota,True about cAMP and cGMP -,"{'0': 'Second messengers', '1': 'Act on membrane receptors', '2': 'Act by post-translational modification', '3': 'None of the above'}",biochemistry,,None of the above,3,answer,,,,test
58fece33-fde0-49b4-9580-48a1c12ed4be,nota,What is the stage of carcinoma cervix involving body of uterus -,"{'0': 'None of the above', '1': 'Stage II', '2': 'Stage III', '3': 'Stage IV'}",gynaecology & obstetrics,,None of the above,0,answer,,,,test
a24b630e-ec2e-4746-840f-f2077bfed8c4,nota,"In Schiotz's debossing (Indentation) tonometer IOP, when the value of a pointer on a larger referred tonometer, intraocular pressure showing that?","{'0': 'Higher', '1': 'None of the above', '2': 'Not necessarily', '3': 'no point'}",unknown,,None of the above,1,answer,,,,test
e8e2ca7e-2461-4b33-b638-eaaf0e2814e1,nota,Which characteristic of orthodontic wire describe energy storage capacity?,"{'0': 'Range', '1': 'None of the above', '2': 'Formability', '3': 'Proportional limit'}",dental,,None of the above,1,answer,,,,val
a8e67af6-abe3-48ab-a8a7-696466ff58bb,nota,Which of the following is an operculated sulcus ?,"{'0': 'Calcarine', '1': 'Collateral', '2': 'None of the above', '3': 'Central'}",anatomy,,None of the above,2,answer,,,,test
73f23a43-9291-49e6-aeae-727f9fc54a28,nota,A 21-year-old female presents to emergency ward with 2 months of amenorrhea with pain in abdomen and shock. BP 90/60 mmHg and Hb 6 gm%. Urine pregnancy test is found positive. Next immediate line of treatment is ?,"{'0': 'Laparotomy', '1': 'None of the above', '2': 'Medical management', '3': 'Laparoscopy'}",gynaecology & obstetrics,,None of the above,1,answer,,,,test
78478150-a8eb-4588-9f8e-df7ff1143c1e,nota,"X,Y,Z are the ee ions pet meaule..\\ and V=-30. If at resting membrane potential (RMP), when there is no net electro genic transfer, what is the value of Z?","{'0': '20', '1': '-20', '2': 'None of the above', '3': '-80'}",physiology,,None of the above,2,answer,,,,val
9810954b-3ef6-43f0-ae42-5a4c8068f02f,nota,What is NOT a major criteria for Rheumatic heart disease –,"{'0': 'Arthritis', '1': 'Carditis', '2': 'Subcutaneous nodule', '3': 'None of the above'}",pediatrics,,None of the above,3,answer,,,,val
93c0225b-7b90-45c6-8c24-1fd655fb9f43,nota,Chromium is used in stainless steel for which purpose?,"{'0': 'None of the above', '1': 'Increases the lustre of stainless steel', '2': 'Stabilization of the alloy', '3': 'Increases the hardness of steel'}",dental,,None of the above,0,answer,,,,val
96355367-1b78-482f-8cdc-43fa05a3bce0,nota,All the following statements are true regarding Malignant Parotid Gland Tumors Except:,"{'0': 'Painful', '1': 'None of the above', '2': 'Cervical Lymphadenopathy present', '3': 'Facial nerve involvement'}",unknown,,None of the above,1,answer,,,,test
6591b0a1-0d15-4e77-9cb1-11285570c4bb,nota,Microfiltration and sterile filtration in the treatment of water for pharmaceutical use:,"{'0': 'None of the above', '1': 'They are used to clarify solutions.', '2': 'Eliminates all viral contamination from a topical preparation.', '3': 'It is only used to remove particles with a diameter greater than 0.001 μm from a liquid.'}",pharmacology,,None of the above,0,answer,,,,val
fb7b6975-0547-403e-b640-b142f511b8e2,nota,"Mr. Lee is a 72-year-old man, suffering from prostate cancer Lumbar metastasis, nerve paralysis of the lower limbs caused by hormones, radiation and chemotherapy after disease continues, body pain unbearable. He asked the doctors to help him euthanized, the following disposal whichever is most inappropriate?","{'0': 'None of the above', '1': 'Given anti-androgen therapy', '2': 'Adequate pain control', '3': 'Give supportive therapy (supportive treatment)'}",unknown,,None of the above,0,answer,,,,test
915797fa-3fd9-443a-bd10-91d7dc4f1dce,nota,"For a maxillary premolar in a radiograph, the facial root appears distal to the palatal root, the film was exposed with:","{'0': 'Increased vertical angulation', '1': 'Decreased vertical angulation', '2': 'None of the above', '3': 'From distal side of the tooth'}",radiology,,None of the above,2,answer,,,,val
c01e37b7-18e6-4ce2-81da-14591b58de3b,nota,A researcher hypothesizes that low birth weight is related to obesity later in life. He conducts a study with a 95% confidence interval with a p-value of 0.049 to disprove his null hypothesis. He rejects his null hypothesis and concludes that low birth weight is associated with obesity. Which of the following statements best associates with his study?,"{'0': 'Confidence interval should have been 90%.', '1': 'None of the above', '2': 'A type 2 error has been made.', '3': 'A type 1 error has been made.'}",unknown,,None of the above,1,answer,,,,test
84b1331e-b41e-40cd-8828-b5d387d52f64,nota,Which of these is considered as an indicator of malignancy in pheochromocytoma?,"{'0': 'Extensive nuclearpleomorphism', '1': 'High mitoticrate', '2': 'Capsular and vascularinvasion', '3': 'None of the above'}",unknown,,None of the above,3,answer,,,,test
f4d3ef59-23ef-4aa8-8c2d-7e79108e77e6,nota,Apnea hypoapnea index indicating obstructive sleep apnea is -,"{'0': 'None of the above', '1': '5-Feb', '2': '8-May', '3': '>8'}",medicine,,None of the above,0,answer,,,,test
8af84306-dced-4618-af9b-48cd0384a314,nota,"A 75-year-old man presents to his primary care physician because he has been experiencing increasing muscle and joint pain over the last 3 months. He says that he also feels increasingly fatigued and weak despite no change to his daily routine. His past medical history is significant for an infection when he was 12 years of age that led to 2 months of paralysis and mechanical ventilation through a tracheostomy tube. At the time, he developed the paralysis after 3 days of fever and sore throat. He recalls that he was still able to feel everything and was embarrassed that his daily activities had to be performed for him by caregivers. The most likely cause of this patient's symptoms is associated with which of the following structures?","{'0': 'DNA virus', '1': 'Enveloped (-) stranded RNA virus', '2': 'None of the above', '3': 'Naked (-) stranded RNA virus'}",unknown,,None of the above,2,answer,,,,dev
7136db9d-967a-4a03-adb6-6828fe30c06b,nota,"A 52-year-old man with Crohn disease comes to the physician because of a 1-week history of dysuria and urinary urgency. He had been treated for urinary tract infections twice in the past 6 months. He is currently taking infliximab. Cystoscopy shows pearl-like plaques on the bladder wall. Biopsy of these lesions shows a focal layer of stratified squamous epithelium with hyperkeratosis. If the patient's bladder finding is caused by a vitamin deficiency, which of the following features is also most likely to be seen?","{'0': 'Carpopedal spasm', '1': 'Photodermatitis', '2': 'None of the above', '3': 'Intracranial hypertension'}",unknown,,None of the above,2,answer,,,,test
c57694d0-e8d8-4aab-a112-d32d72bcbcbe,nota,"Bifid tongue, a congenital anomaly occurs due to non-fusion of:","{'0': 'Tuberculum impar and lateral lingual swellings', '1': 'Hypobranchial eminence and tuberculum impar', '2': 'None of the above', '3': 'Some of the above'}",pathology,,None of the above,2,answer,,,,val
e8dbd220-df29-448d-9fcf-dcb7b7655f02,nota,Which of the following Glycosaminoglycans are not present in cornea,"{'0': 'Keratin sulfate', '1': 'Chondroitin sulfate', '2': 'Chondroitin', '3': 'None of the above'}",ophthalmology,,None of the above,3,answer,,,,test
40efc152-39d7-48ab-bc60-22bebe786274,nota,"Your team receives a warning for the attention in the public thoroughfare of a teenager with altered level of consciousness. His group of friends comments that he has ""drunk a lot"", denying the consumption of other toxic substances. On examination, the patient is unable to maintain standing without help, responds with ""grunts"" and slow withdrawal to the painful stimulation by opening his eyes to call him forcefully by name. It presents miotic and symmetrical pupils, with reactivity to slowed light. What would be the initial care for that patient ?:","{'0': 'Patient stabilization (ABC) and rapid test of toxins and capillary blood glucose to establish the therapeutic plan. Transfer to the hospital.', '1': 'None of the above', '2': 'Patient stabilization (ABC), administration of activated charcoal without causing vomiting until fully conscious, and intramuscular naloxone (0.2-0.4 mg). Transfer to the hospital.', '3': 'Patient stabilization (ABC), safety position and central venous catheterization for load administration with 50% hypertonic glucose, 1M bicarbonate bolus (5 mEq / kg) and subsequent rapid fluid therapy with Ringer® solution. Transfer to the hospital.'}",nursery,,None of the above,1,answer,,,,val
7c094ab4-771a-4c26-b06f-ede353c2275b,nota,"⿐ pharyngeal cancer ⾎ fluid tests, which of the following destination time before the accuracy is considered the best?","{'0': 'EBV anti-VCA IgG', '1': 'EBV-VCA, anti-IgA', '2': 'EBV anti-FAMILY', '3': 'None of the above'}",unknown,,None of the above,3,answer,,,,dev
3ccb8af7-e267-4060-9987-88b582d41693,nota,Acts (n) on subunit 30 of the prokaryotic ribosome:,"{'0': 'Erythromycin', '1': 'Rifampicin', '2': 'None of the above', '3': 'The quinolones.'}",biology,,None of the above,2,answer,,,,test
0fab7644-7a27-4430-a729-69544db89be6,nota,Which of the following is not true regarding teeth features and ethnicity?,"{'0': 'Upper third molar is most commonly absent in Mongolians', '1': 'Carabelli cusps are seen in Caucasians', '2': 'None of the above', '3': 'Prominent lingual ridge and labial ridge is seen in Mongolians'}",forensic medicine,,None of the above,2,answer,,,,val
1be9d77f-0aec-483e-92ed-a748b1d6b5e5,nota,Which of the following characteristics of an axon is most dependent on its diameter?,"{'0': 'The magnitude of its resting potential', '1': 'The duration of its refractory potential', '2': 'None of the above', '3': 'The overshoot of its action potential'}",unknown,,None of the above,2,answer,,,,test
ba98dff6-f985-480b-bbf1-4138d4d5dc34,nota,"A 61-year-old man presents to the clinic with complaints of excessive thirst, frequent urination, and partial visual loss in both eyes for 1 day. His family history is significant for type 2 diabetes mellitus in his mother and cousin. His weight is 112 kg ( 246.9 lb), height 187 cm (6 ft 1 in), blood pressure: 150/90 mm Hg, heart rate: 89/min, respiratory rate: 14/min, and temperature: 36.7℃ (98.4℉). The physical examination is significant for dry skin, a pustular rash over the patient’s shoulders and back, an accentuated second heart sound (S2) best heard in the second intercostal space at the right sternal border, and distal loss of vibration sensitivity in both feet. A fundoscopic examination shows small red dots in the superficial retinal layers suggestive of microaneurysms. The HbA1c is 9% and the urinalysis shows the following:
Color Pale yellow (light/pale-to-dark/deep amber)
Clarity Cloudy
pH 6.6
Specific gravity 1.010
Glucose 199 mg/dl
Ketones None
Nitrites Negative
Leukocyte esterase Negative
Bilirubin Negative
Urinary bilirubin Traces
Red blood cells 3 RBCs
Protein 120 mg/d
RBCs ≤ 2 RBCs/hpf
WBCs 22 WBCs/hpf
Epithelial cells 27 squamous epithelial cells/hpf
Casts 5 hyaline casts/lpf
Crystals Occasional
Bacteria None
Yeast Present
Which of the following statements best describes the cause of this patient’s glucosuria?","{'0': 'There is a disruption of primary active transport of glucose in the proximal renal tubules', '1': 'None of the above', '2': 'There is a disruption of passive transport of the glucose in the proximal renal tubules', '3': 'Glucosuria results from increased glomerular filtration rate'}",unknown,,None of the above,1,answer,,,,test
1f08ad60-50c0-4699-ad86-2583f8f9103b,nota,Achiral molecules that contain centers of chirality are called:,"{'0': 'Enantiomers', '1': 'Diastereoisomers.', '2': 'None of the above', '3': 'Racemic.'}",chemistry,,None of the above,2,answer,,,,val
a270020b-4940-40ad-a8b2-d2730ed90a41,nota,When is folic acid staed in pregnancy ?,"{'0': 'None of the above', '1': '8 weeks prior toconception', '2': '4 weeks after conception', '3': '8 weeks after conception'}",gynaecology & obstetrics,,None of the above,0,answer,,,,test
b5a950b1-8260-4392-a0b2-2155a0c233bf,nota,The vascular stria:,"{'0': 'It is located in the ciliary body of the eye.', '1': 'It is part of the aqueous humor drainage system.', '2': 'It is the posterior epithelium of the cornea.', '3': 'None of the above'}",biology,,None of the above,3,answer,,,,test
87a1c091-2ac5-4f4b-bdfd-f110c1747a6d,nota,"If a bacteria were susceptible to both penicillin and Erythromycin, then it would not be appropriate to treat the patients with both antibiotics at the same time because","{'0': 'Penicillin is inactivated by erythromycin', '1': 'Erythromycin exerts its effects extracellularly', '2': 'Erythromycin enhances the β-lactamases activity', '3': 'None of the above'}",pharmacology,,None of the above,3,answer,,,,val
7c61de5a-32be-42a3-b9d1-c16a88113f21,nota,True about Postural Hypotension:,"{'0': 'Decreases in systolic blood pressure 20 mmHg within 6 mins', '1': 'None of the above', '2': 'Decreases in diastolic blood pressure 20 mmHg within 6 mins', '3': 'Decreases in diastolic blood pressure 20 mmHg within 3 mins'}",medicine,AIIMS 2019,None of the above,1,answer,,,,val
228517db-da19-49a3-95b6-421daca585bf,nota,Multiple air fluid levels in X-ray of abdomen is seen in,"{'0': 'Hollow viscera perforation', '1': 'Pyoperitoneum', '2': 'None of the above', '3': 'None'}",surgery,,None of the above,2,answer,,,,test
127c6b37-731c-42d1-9481-59cd313da34a,nota,A.A.comitans is a member of:,"{'0': 'Red complex.', '1': 'Orange complex.', '2': 'None of the above', '3': 'Purple complex.'}",dental,,None of the above,2,answer,,,,test
d81e672f-8eff-4c66-a80c-0cb8f5cab08c,nota,Ratio of upper anterior facial height to lower anterior facial height is:,"{'0': '55:45:00', '1': '60:40:00', '2': '40:60', '3': 'None of the above'}",dental,,None of the above,3,answer,,,,val
643fb68e-1f33-4997-9d1a-1619bf0810f0,nota,"One unit of PRBC raises HCT by: (In exam instead of HCT, they wrote HCV, which we assume to be a spelling error):","{'0': '1%', '1': '2%', '2': 'None of the above', '3': '5-8%'}",surgery,,None of the above,2,answer,,,,val
e969d444-33ef-4fbd-b3be-08ec8ca71b71,nota,Hypopigmented macules are found in?,"{'0': ""Addison's disease"", '1': 'Porphyria', '2': 'Cutaneous mastocytosis', '3': 'None of the above'}",skin,,None of the above,3,answer,,,,test
9781f6c5-4c59-4f6e-8229-a1c1e5506229,nota,"A 20-year-old woman in the army recruit collapses during an especially hot day at basic training. She was in her normal excellent state of health prior to this event. Two weeks ago, she had an upper respiratory infection (URI) but has since recovered. Her father has chronic kidney disease (CKD), bilateral hearing loss, and vision problems. At the hospital, her temperature is 40.3°C (104.5°F), blood pressure is 85/55 mm Hg, pulse is 105/min, and respiratory rate is 24/min. On physical exam, the patient appears to have altered mental status and her skin is dry, hot, and erythematous. She is complaining of severe bilateral flank pain and generalized myalgia. Catheterization produces 200 mL of tea-colored urine. Urine dipstick is positive for blood, but urinalysis is negative for RBCs or WBCs. Which of the following is most likely responsible for her condition?","{'0': 'A mutation of the COL4A5 gene', '1': 'Neisseria meningitides', '2': 'None of the above', '3': 'IgA nephropathy'}",unknown,,None of the above,2,answer,,,,test
c7beaaa5-ae2c-4f71-b186-72ac355344ff,nota,"An anaerobe causing multiple abscess with discharging sinuses, demonstrating sulphur granules in pus is?","{'0': 'None of the above', '1': 'Nocardia', '2': 'Salmonella', '3': 'Tularemia'}",microbiology,,None of the above,0,answer,,,,test
56bdb4ae-f31f-4e0a-ae3d-c87e9d108752,nota,Clasp indicated to engage a distobuccal undercut adjacent to distal extension space:,"{'0': 'Bar clasp.', '1': 'Reverse Circlet clasp.', '2': 'Fish hook Clasp.', '3': 'None of the above'}",dental,,None of the above,3,answer,,,,test
84597697-4c04-415b-af80-dd92127cb277,nota,Indicate which of the following structural groups of drugs do NOT act on the different ion channels:,"{'0': 'Benzoic amino acid (procaine).', '1': 'Benzothiazepines (diltiazem).', '2': 'None of the above', '3': 'Sulfonylureas (tolbutamide).'}",pharmacology,,None of the above,2,answer,,,,test
1a220971-e7e0-4a7f-9d5c-2783bf68c384,nota,"Before human trials begin, the book must first review the plan human trials Board (IRB) of the pass. Want to change the contents of the book plan, subject to human trials by the Commission before changing practices. But in any case, no human trials by the Commission through direct implementation of the contents of the book is not according to plan?","{'0': 'Only subjects agreed to amend the text of the book, the job does not change the content', '1': 'Human trials planned by the Commission to review the summary (expedited procedures) program review by the book', '2': 'None of the above', '3': 'Reduced dose of the subject, so that the risk of change'}",unknown,,None of the above,2,answer,,,,dev
3bce0b19-5461-418e-b812-e13dd86fcca7,nota,Which of the following is the best test for assessment of intestinal malabsorption?,"{'0': 'None of the above', '1': 'Serum lactose levels', '2': 'Serum amylase levels', '3': 'NBT-PABA test'}",medicine,,None of the above,0,answer,,,,val
d6589d4d-9081-4b3b-8107-abef244afc84,nota,Which nucleus is not seen in floor of the 4th ventricle -,"{'0': 'Abducens nucleus', '1': 'None of the above', '2': 'Dorsal vagal nucleus', '3': 'Hypoglossal nucleus'}",anatomy,,None of the above,1,answer,,,,test
aca28267-1e4e-4575-96f1-05ade6c1f5ac,nota,A paediatrician was called for attending a new born baby in the labour ward. The serum unconjugated bilirubin of this baby was 33 mg/dL. Which of the following drug taken by mother in late 3rd trimester may have lead to this problem?,"{'0': 'None of the above', '1': 'Azithromycin', '2': 'Ampicillin', '3': 'Chloroquine'}",pharmacology,AIIMS 2018,None of the above,0,answer,,,,val
